"","member_url","style","overall","avg2"
"1","https://www.beeradvocate.com/community/members/tillmac62.756934/","American Amber / Red Ale","4",4.035
"2","https://www.beeradvocate.com/community/members/skrumpy.1123479/","American Amber / Red Ale","3.75",4.035
"3","https://www.beeradvocate.com/community/members/duckfacts.1190929/","American Amber / Red Ale","4.75",4.035
"4","https://www.beeradvocate.com/community/members/pro45.1173058/","American Amber / Red Ale","3",4.035
"5","https://www.beeradvocate.com/community/members/morimech.106006/","American Amber / Red Ale","3.75",4.035
"6","https://www.beeradvocate.com/community/members/stooven.733753/","American Amber / Red Ale","4.25",4.035
"7","https://www.beeradvocate.com/community/members/mrfabulous.1188671/","American Amber / Red Ale","4.5",4.035
"8","https://www.beeradvocate.com/community/members/bluecrow.685213/","American Amber / Red Ale","3.5",4.035
"9","https://www.beeradvocate.com/community/members/johncassillo.726089/","American Amber / Red Ale","3.25",4.035
"10","https://www.beeradvocate.com/community/members/greywulfken.495653/","American Amber / Red Ale","3.75",4.035
"11","https://www.beeradvocate.com/community/members/kojevergas.492136/","American Amber / Red Ale","3.25",4.035
"12","https://www.beeradvocate.com/community/members/dallask.1141787/","American Amber / Red Ale","4.25",4.035
"13","https://www.beeradvocate.com/community/members/mynie.6910/","American Amber / Red Ale","3.75",4.035
"14","https://www.beeradvocate.com/community/members/reidrover.1347/","American Amber / Red Ale","3.75",4.035
"15","https://www.beeradvocate.com/community/members/emv.25570/","American Amber / Red Ale","3.75",4.035
"16","https://www.beeradvocate.com/community/members/henryporter7777.912231/","American Amber / Red Ale","4",4.035
"17","https://www.beeradvocate.com/community/members/venice_beacher.1184576/","American Amber / Red Ale","3.75",4.035
"18","https://www.beeradvocate.com/community/members/cjgator3.60686/","American Amber / Red Ale","4",4.035
"19","https://www.beeradvocate.com/community/members/daliandragon.36925/","American Amber / Red Ale","4",4.035
"20","https://www.beeradvocate.com/community/members/avalon07.180837/","American Amber / Red Ale","4",4.035
"21","https://www.beeradvocate.com/community/members/spikester.147743/","American Amber / Red Ale","4.25",4.035
"22","https://www.beeradvocate.com/community/members/gutterpunktarzan.799125/","American Amber / Red Ale","5",4.035
"23","https://www.beeradvocate.com/community/members/jmdrpi.276070/","American Amber / Red Ale","4",4.035
"24","https://www.beeradvocate.com/community/members/dragginballs76.1066881/","American Amber / Red Ale","4",4.035
"25","https://www.beeradvocate.com/community/members/rapayn01.496300/","American Amber / Red Ale","3.75",4.035
"26","https://www.beeradvocate.com/community/members/the_beergery.1198203/","American Amber / Red Ale","3.75",3.97
"27","https://www.beeradvocate.com/community/members/stcules.473/","American Amber / Red Ale","3.5",3.97
"28","https://www.beeradvocate.com/community/members/hamdenhector.801494/","American Amber / Red Ale","3.5",3.97
"29","https://www.beeradvocate.com/community/members/patre_tim.670260/","American Amber / Red Ale","4",3.97
"30","https://www.beeradvocate.com/community/members/0_0.1164000/","American Amber / Red Ale","3.75",3.97
"31","https://www.beeradvocate.com/community/members/detgfrsh.809652/","American Amber / Red Ale","4.25",3.97
"32","https://www.beeradvocate.com/community/members/rodbeermunch.1073239/","American Amber / Red Ale","3.5",3.97
"33","https://www.beeradvocate.com/community/members/moodenba.938003/","American Amber / Red Ale","4.25",3.97
"34","https://www.beeradvocate.com/community/members/johlac66.829174/","American Amber / Red Ale","3.75",3.97
"35","https://www.beeradvocate.com/community/members/ciocanelu.691982/","American Amber / Red Ale","3.75",3.97
"36","https://www.beeradvocate.com/community/members/biggiekrock627.993759/","American Amber / Red Ale","4",3.97
"37","https://www.beeradvocate.com/community/members/jackieku.830313/","American Amber / Red Ale","4.25",3.97
"38","https://www.beeradvocate.com/community/members/brewaskew.282/","American Amber / Red Ale","4",3.97
"39","https://www.beeradvocate.com/community/members/daisyfching.1005003/","American Amber / Red Ale","3.75",3.97
"40","https://www.beeradvocate.com/community/members/extracelestrial13.1011531/","American Amber / Red Ale","3.5",3.97
"41","https://www.beeradvocate.com/community/members/tucson_brewson.985545/","American Amber / Red Ale","4.25",3.97
"42","https://www.beeradvocate.com/community/members/trueperception.751390/","American Amber / Red Ale","3.25",3.97
"43","https://www.beeradvocate.com/community/members/stinkypuss.209764/","American Amber / Red Ale","2.5",3.97
"44","https://www.beeradvocate.com/community/members/ryank252.800557/","American Amber / Red Ale","4.25",3.97
"45","https://www.beeradvocate.com/community/members/gajo74.863359/","American Amber / Red Ale","4",3.97
"46","https://www.beeradvocate.com/community/members/jeffreysan.728329/","American Amber / Red Ale","3.75",3.97
"47","https://www.beeradvocate.com/community/members/joncasso.918752/","American Amber / Red Ale","4",3.97
"49","https://www.beeradvocate.com/community/members/the_mad_capper.832070/","American Amber / Red Ale","4.5",3.97
"50","https://www.beeradvocate.com/community/members/samp01.479260/","American Amber / Red Ale","3.5",3.97
"51","https://www.beeradvocate.com/community/members/wesmantooth.775003/","American Amber / Red Ale","4",3.695
"52","https://www.beeradvocate.com/community/members/dj-hophead.992772/","American Amber / Red Ale","4",3.695
"53","https://www.beeradvocate.com/community/members/spike.683233/","American Amber / Red Ale","2.75",3.695
"54","https://www.beeradvocate.com/community/members/rex_4539.910917/","American Amber / Red Ale","4",3.695
"55","https://www.beeradvocate.com/community/members/alesan.1186785/","American Amber / Red Ale","3.75",3.695
"56","https://www.beeradvocate.com/community/members/captaincoffee.609228/","American Amber / Red Ale","3.75",3.695
"57","https://www.beeradvocate.com/community/members/opieo.962081/","American Amber / Red Ale","3.75",3.695
"58","https://www.beeradvocate.com/community/members/dypsobubble.974379/","American Amber / Red Ale","4",3.695
"59","https://www.beeradvocate.com/community/members/dentist666.406749/","American Amber / Red Ale","4",3.695
"60","https://www.beeradvocate.com/community/members/daydesiang.1173376/","American Amber / Red Ale","3.25",3.695
"61","https://www.beeradvocate.com/community/members/bruno74200.1032603/","American Amber / Red Ale","4",3.695
"62","https://www.beeradvocate.com/community/members/kitschiguy.1013369/","American Amber / Red Ale","4.25",3.695
"63","https://www.beeradvocate.com/community/members/jakescully.1079612/","American Amber / Red Ale","4",3.695
"64","https://www.beeradvocate.com/community/members/joebowles.1045514/","American Amber / Red Ale","5",3.695
"65","https://www.beeradvocate.com/community/members/zet.982225/","American Amber / Red Ale","4",3.695
"66","https://www.beeradvocate.com/community/members/joaopmgoncalves.708259/","American Amber / Red Ale","4",3.695
"67","https://www.beeradvocate.com/community/members/svingjo.685911/","American Amber / Red Ale","3.75",3.695
"68","https://www.beeradvocate.com/community/members/drmeto.935733/","American Amber / Red Ale","3.75",3.695
"69","https://www.beeradvocate.com/community/members/aleigator.799228/","American Amber / Red Ale","3",3.695
"70","https://www.beeradvocate.com/community/members/thebierdimpfe.917744/","American Amber / Red Ale","4.5",3.695
"71","https://www.beeradvocate.com/community/members/porterpro125.713860/","American Amber / Red Ale","4.5",3.695
"72","https://www.beeradvocate.com/community/members/janubio.14451/","American Amber / Red Ale","3.25",3.695
"73","https://www.beeradvocate.com/community/members/rolltide8425.569020/","American Amber / Red Ale","3.75",3.695
"74","https://www.beeradvocate.com/community/members/ruudjh.323109/","American Amber / Red Ale","4",3.695
"75","https://www.beeradvocate.com/community/members/beerdawgs.521916/","American Amber / Red Ale","4.25",3.695
"76","https://www.beeradvocate.com/community/members/stooven.733753/","American Strong Ale","3.25",4.105
"77","https://www.beeradvocate.com/community/members/zshaft.1101155/","American Strong Ale","3.75",4.105
"78","https://www.beeradvocate.com/community/members/stevoj.638668/","American Strong Ale","4",4.105
"79","https://www.beeradvocate.com/community/members/davidperez.1076442/","American Strong Ale","4.25",4.105
"80","https://www.beeradvocate.com/community/members/scottfrie.364399/","American Strong Ale","4",4.155
"81","https://www.beeradvocate.com/community/members/blackcompg.566920/","American Strong Ale","4",4.105
"82","https://www.beeradvocate.com/community/members/reviewingunderinfluence.1169035/","American Strong Ale","4.5",4.155
"83","https://www.beeradvocate.com/community/members/bucannonxc5.609249/","American Strong Ale","4",4.155
"84","https://www.beeradvocate.com/community/members/shodriver.491306/","American Strong Ale","4.25",4.155
"85","https://www.beeradvocate.com/community/members/pegasus.311/","American Strong Ale","4.5",4.105
"86","https://www.beeradvocate.com/community/members/tlema1.268179/","American Strong Ale","3.75",4.105
"87","https://www.beeradvocate.com/community/members/doctorzombies.937267/","American Strong Ale","4",4.105
"88","https://www.beeradvocate.com/community/members/ababbidge.1166203/","American Porter","4.5",4.295
"89","https://www.beeradvocate.com/community/members/superspak.456300/","American Strong Ale","4.5",4.155
"90","https://www.beeradvocate.com/community/members/crob3888.512580/","American Strong Ale","4.5",4.155
"91","https://www.beeradvocate.com/community/members/prince_casual.701897/","American Strong Ale","4.25",4.155
"92","https://www.beeradvocate.com/community/members/parmesan.999030/","American Strong Ale","4",4.105
"93","https://www.beeradvocate.com/community/members/bruno74200.1032603/","American Porter","4.5",4.295
"94","https://www.beeradvocate.com/community/members/premo88.466824/","American Porter","4",4.295
"95","https://www.beeradvocate.com/community/members/rodbeermunch.1073239/","American Strong Ale","4.75",4.155
"96","https://www.beeradvocate.com/community/members/rudzud.453801/","American Strong Ale","4.25",4.155
"97","https://www.beeradvocate.com/community/members/vfgccp.519325/","American Strong Ale","4.5",4.155
"98","https://www.beeradvocate.com/community/members/gandres.770773/","American Strong Ale","4.25",4.105
"99","https://www.beeradvocate.com/community/members/kalosjakar.798324/","American Strong Ale","4",4.105
"100","https://www.beeradvocate.com/community/members/thehyperduck.67138/","American Strong Ale","4.5",4.105
"101","https://www.beeradvocate.com/community/members/laketang.962530/","American Porter","4.25",4.295
"102","https://www.beeradvocate.com/community/members/jrsqc7.1126442/","American Porter","3.75",4.295
"103","https://www.beeradvocate.com/community/members/seedyone.345778/","American Porter","4.75",4.295
"104","https://www.beeradvocate.com/community/members/rand.66888/","American Strong Ale","4",4.155
"105","https://www.beeradvocate.com/community/members/resuin.681384/","American Strong Ale","4",4.155
"106","https://www.beeradvocate.com/community/members/davebar.760091/","American Strong Ale","4",4.105
"107","https://www.beeradvocate.com/community/members/stoutelk_92.1060743/","American Strong Ale","4.5",4.105
"108","https://www.beeradvocate.com/community/members/hackattack.1186224/","American Porter","4.25",4.295
"109","https://www.beeradvocate.com/community/members/hotdogbikeride.1086281/","American Porter","4.5",4.295
"110","https://www.beeradvocate.com/community/members/bjb13.1191506/","American Porter","4.5",4.295
"111","https://www.beeradvocate.com/community/members/chinchill.199175/","American Strong Ale","3.75",4.155
"112","https://www.beeradvocate.com/community/members/john_m.3421/","American Strong Ale","4.25",4.155
"113","https://www.beeradvocate.com/community/members/rlee1390.434986/","American Strong Ale","4.75",4.155
"114","https://www.beeradvocate.com/community/members/triggerfingers.674557/","American Strong Ale","4.75",4.105
"115","https://www.beeradvocate.com/community/members/kevinlater.747673/","American Strong Ale","3.5",4.105
"116","https://www.beeradvocate.com/community/members/tlwalsh.1018006/","American Strong Ale","4.5",4.105
"117","https://www.beeradvocate.com/community/members/joaopmgoncalves.708259/","American Porter","4.5",4.295
"118","https://www.beeradvocate.com/community/members/obstinateoutcast.1192729/","American Porter","4",4.295
"119","https://www.beeradvocate.com/community/members/heady_drank.1193014/","American Porter","4.25",4.295
"120","https://www.beeradvocate.com/community/members/georgiabeerguy.735036/","American Strong Ale","3.25",4.155
"121","https://www.beeradvocate.com/community/members/domvan.783801/","American Strong Ale","4.25",4.155
"122","https://www.beeradvocate.com/community/members/rbasssfhopit2me.303882/","American Strong Ale","2.25",4.155
"123","https://www.beeradvocate.com/community/members/1000lbgrizzly.741995/","American Strong Ale","4",4.105
"124","https://www.beeradvocate.com/community/members/ozzylizard.757498/","American Strong Ale","4",4.105
"125","https://www.beeradvocate.com/community/members/bhyndthebottle.729807/","American Strong Ale","4.75",4.105
"126","https://www.beeradvocate.com/community/members/jesterr44.735085/","American Porter","4",4.295
"127","https://www.beeradvocate.com/community/members/skrumpy.1123479/","American Porter","3.75",4.295
"128","https://www.beeradvocate.com/community/members/rogerlb.1055370/","American Porter","4.25",4.295
"129","https://www.beeradvocate.com/community/members/andrewh995.1184297/","American Porter","4.5",4.295
"130","https://www.beeradvocate.com/community/members/busternuggz.201653/","American Strong Ale","4.5",4.155
"131","https://www.beeradvocate.com/community/members/macrosmatic.68995/","American Strong Ale","4.25",4.155
"132","https://www.beeradvocate.com/community/members/julioh.783400/","American Strong Ale","4.5",4.155
"133","https://www.beeradvocate.com/community/members/stakem.300923/","American Strong Ale","3.75",4.155
"134","https://www.beeradvocate.com/community/members/dmgallag.803128/","American Strong Ale","4.5",4.105
"135","https://www.beeradvocate.com/community/members/creepinjeeper.702561/","American Strong Ale","4.75",4.105
"136","https://www.beeradvocate.com/community/members/rodbeermunch.1073239/","American Strong Ale","3.75",4.105
"137","https://www.beeradvocate.com/community/members/rex_4539.910917/","American Porter","4.75",4.295
"138","https://www.beeradvocate.com/community/members/chicagobeerguy.1008321/","American Porter","4.25",4.295
"139","https://www.beeradvocate.com/community/members/snowypersephone.1191019/","American Porter","1.5",4.295
"140","https://www.beeradvocate.com/community/members/alaimoa.724206/","American Strong Ale","4.5",4.155
"141","https://www.beeradvocate.com/community/members/ismith87.610922/","American Strong Ale","3.75",4.155
"142","https://www.beeradvocate.com/community/members/bmmillsy.659902/","American Strong Ale","4",4.155
"143","https://www.beeradvocate.com/community/members/brownalebollocks.894992/","American Strong Ale","4.25",4.105
"144","https://www.beeradvocate.com/community/members/longhorn08.780066/","American Strong Ale","1",4.105
"145","https://www.beeradvocate.com/community/members/coolguy_chris.1189945/","American Porter","3.75",4.295
"146","https://www.beeradvocate.com/community/members/the_kriek_freak.848244/","American Porter","4",4.295
"147","https://www.beeradvocate.com/community/members/mmosnn.1145541/","American Porter","4.25",4.295
"148","https://www.beeradvocate.com/community/members/marcoxx626.1186497/","American Porter","4.5",4.295
"149","https://www.beeradvocate.com/community/members/isaaccraft.716349/","American Porter","4.25",4.295
"150","https://www.beeradvocate.com/community/members/deniskolkin.741480/","American Porter","4",4.295
"151","https://www.beeradvocate.com/community/members/raime.679489/","American Pale Wheat Ale","3.25",3.655
"152","https://www.beeradvocate.com/community/members/rodbeermunch.1073239/","American Pale Wheat Ale","3",3.655
"154","https://www.beeradvocate.com/community/members/ichliebebier.712304/","American Pale Wheat Ale","3.25",3.655
"155","https://www.beeradvocate.com/community/members/darkmagus82.484016/","American Pale Wheat Ale","3",3.655
"156","https://www.beeradvocate.com/community/members/mojo.685919/","American Pale Wheat Ale","3.5",3.655
"157","https://www.beeradvocate.com/community/members/chinchill.199175/","American Pale Wheat Ale","3",3.655
"158","https://www.beeradvocate.com/community/members/sevenarts.610996/","American Pale Wheat Ale","2.5",3.655
"159","https://www.beeradvocate.com/community/members/garthdanielson.522584/","American Pale Wheat Ale","2.5",3.655
"160","https://www.beeradvocate.com/community/members/serialticker.681417/","American Pale Wheat Ale","3.5",3.655
"161","https://www.beeradvocate.com/community/members/tjsmith910.502828/","American Pale Wheat Ale","1",3.655
"162","https://www.beeradvocate.com/community/members/celtics76.619190/","American Pale Wheat Ale","3.5",3.655
"163","https://www.beeradvocate.com/community/members/ronaldtheriot.241704/","American Pale Wheat Ale","4",3.655
"164","https://www.beeradvocate.com/community/members/suds.364/","American Pale Wheat Ale","3.5",3.655
"165","https://www.beeradvocate.com/community/members/biboergosum.168458/","American Pale Wheat Ale","3.5",3.655
"166","https://www.beeradvocate.com/community/members/chickenflea.398446/","American Pale Wheat Ale","3.5",3.655
"167","https://www.beeradvocate.com/community/members/beerkangaroo.601444/","American Pale Wheat Ale","2.75",3.655
"168","https://www.beeradvocate.com/community/members/beermiler12.501917/","American Pale Wheat Ale","3",3.655
"169","https://www.beeradvocate.com/community/members/tdm168.489997/","American Pale Wheat Ale","2.5",3.655
"170","https://www.beeradvocate.com/community/members/boneheadmx.18717/","American Pale Wheat Ale","3.5",3.655
"171","https://www.beeradvocate.com/community/members/misfit138.192563/","American Pale Wheat Ale","3.5",3.655
"172","https://www.beeradvocate.com/community/members/liquidsanity.186612/","American Pale Wheat Ale","4",3.655
"173","https://www.beeradvocate.com/community/members/rlee1390.434986/","American Pale Wheat Ale","3",3.655
"174","https://www.beeradvocate.com/community/members/taysuth.654889/","American Pale Wheat Ale","3",3.655
"175","https://www.beeradvocate.com/community/members/bmmillsy.659902/","American Pale Wheat Ale","2.75",3.655
"176","https://www.beeradvocate.com/community/members/everydayoff.542573/","American Double / Imperial Stout","4.5",4.235
"177","https://www.beeradvocate.com/community/members/fscottkey.776811/","American Double / Imperial Stout","4",4.235
"178","https://www.beeradvocate.com/community/members/ale_lover.1073683/","American Double / Imperial Stout","4.75",4.235
"179","https://www.beeradvocate.com/community/members/keithmurray.378529/","American Double / Imperial Stout","4.5",4.235
"180","https://www.beeradvocate.com/community/members/degueulasse.1169410/","American Double / Imperial Stout","4.5",4.235
"181","https://www.beeradvocate.com/community/members/frudel.1175673/","American Double / Imperial Stout","4.75",4.235
"182","https://www.beeradvocate.com/community/members/branfordbound.446214/","American Double / Imperial Stout","4.5",4.235
"183","https://www.beeradvocate.com/community/members/isarnan.1195768/","American Double / Imperial Stout","4.75",4.235
"184","https://www.beeradvocate.com/community/members/antg8989.828019/","American Double / Imperial Stout","4.5",4.235
"185","https://www.beeradvocate.com/community/members/alucard6679.686957/","American Double / Imperial Stout","4.5",4.235
"186","https://www.beeradvocate.com/community/members/ml6005.1194074/","American Double / Imperial Stout","4.75",4.235
"187","https://www.beeradvocate.com/community/members/mkh012.983973/","American Double / Imperial Stout","3.5",4.235
"188","https://www.beeradvocate.com/community/members/bierliebhaber3.1153277/","American Double / Imperial Stout","4.5",4.235
"189","https://www.beeradvocate.com/community/members/hopheadjeffery.707905/","American Double / Imperial Stout","4.25",4.235
"190","https://www.beeradvocate.com/community/members/bum4ever.1187997/","American Double / Imperial Stout","4.25",4.235
"191","https://www.beeradvocate.com/community/members/wickedbeer.1046282/","American Double / Imperial Stout","4.75",4.235
"192","https://www.beeradvocate.com/community/members/nuggetlover.672452/","American Double / Imperial Stout","4.5",4.235
"193","https://www.beeradvocate.com/community/members/holderness.1170717/","American Double / Imperial Stout","4.5",4.235
"194","https://www.beeradvocate.com/community/members/mike22ne.839604/","American Double / Imperial Stout","4.5",4.235
"195","https://www.beeradvocate.com/community/members/dbl_delta.695501/","American Double / Imperial Stout","4.75",4.235
"196","https://www.beeradvocate.com/community/members/titty_mcbitty.770888/","American Double / Imperial Stout","4.5",4.235
"197","https://www.beeradvocate.com/community/members/beerbobber.1071668/","American Double / Imperial Stout","3.75",4.29
"198","https://www.beeradvocate.com/community/members/jred.231918/","American Double / Imperial Stout","3.75",4.235
"199","https://www.beeradvocate.com/community/members/erikshegda1994.1188271/","American Double / Imperial Stout","4",4.235
"200","https://www.beeradvocate.com/community/members/kitch.868336/","American Double / Imperial Stout","4.5",4.235
"201","https://www.beeradvocate.com/community/members/beantownbrews.1158355/","American Double / Imperial Stout","4.5",4.235
"202","https://www.beeradvocate.com/community/members/citizencane.939279/","American Double / Imperial Stout","4",4.29
"203","https://www.beeradvocate.com/community/members/mackt.1179504/","American Double / Imperial Stout","3.75",4.29
"204","https://www.beeradvocate.com/community/members/princessbay710.1092410/","American Double / Imperial Stout","2.75",4.29
"205","https://www.beeradvocate.com/community/members/hotdogbikeride.1086281/","American Double / Imperial Stout","4.75",4.29
"206","https://www.beeradvocate.com/community/members/jjamadorphd.685878/","American Double / Imperial Stout","4",4.29
"207","https://www.beeradvocate.com/community/members/emh73.1043324/","American Double / Imperial Stout","4.25",4.29
"208","https://www.beeradvocate.com/community/members/bgillespie.752210/","American Double / Imperial Stout","4.25",4.29
"209","https://www.beeradvocate.com/community/members/deaconwhite82.1182657/","American Double / Imperial Stout","4",4.29
"210","https://www.beeradvocate.com/community/members/nugganooch.552271/","American Double / Imperial Stout","4",4.29
"211","https://www.beeradvocate.com/community/members/rafh.462879/","American Double / Imperial Stout","4",4.29
"212","https://www.beeradvocate.com/community/members/fourlives.1186889/","American Double / Imperial Stout","2.5",4.29
"213","https://www.beeradvocate.com/community/members/manbearpat.902072/","American Double / Imperial Stout","4.75",4.29
"214","https://www.beeradvocate.com/community/members/puck1225.1028282/","American Double / Imperial Stout","4",4.29
"215","https://www.beeradvocate.com/community/members/lerose.639037/","American Double / Imperial Stout","4",4.29
"216","https://www.beeradvocate.com/community/members/benish.723269/","American Double / Imperial Stout","3.25",4.29
"217","https://www.beeradvocate.com/community/members/jacob_hargis.1071478/","American Double / Imperial Stout","4",4.29
"218","https://www.beeradvocate.com/community/members/delta490.718226/","American Double / Imperial Stout","4",4.29
"219","https://www.beeradvocate.com/community/members/the_awesometeer.743405/","American Double / Imperial Stout","3.75",4.29
"220","https://www.beeradvocate.com/community/members/rodbeermunch.1073239/","American Double / Imperial Stout","4",4.29
"221","https://www.beeradvocate.com/community/members/kgilmour.1010783/","American Double / Imperial Stout","2.75",4.29
"222","https://www.beeradvocate.com/community/members/happyguy12345.749149/","American Double / Imperial Stout","4.25",4.29
"223","https://www.beeradvocate.com/community/members/tekstr1der.899631/","American Double / Imperial Stout","4",4.29
"224","https://www.beeradvocate.com/community/members/ptykozoon.481188/","American Double / Imperial Stout","4.25",4.29
"225","https://www.beeradvocate.com/community/members/gajo74.863359/","American Double / Imperial Stout","4",4.29
"226","https://www.beeradvocate.com/community/members/mrfrancis.489156/","American Double / Imperial IPA","4.25",3.945
"227","https://www.beeradvocate.com/community/members/craftbeerapprentice.906066/","American Double / Imperial IPA","3",3.945
"228","https://www.beeradvocate.com/community/members/bruno74200.1032603/","American Double / Imperial IPA","4.25",3.945
"229","https://www.beeradvocate.com/community/members/emv.25570/","American Double / Imperial IPA","4.25",3.945
"230","https://www.beeradvocate.com/community/members/spikester.147743/","American Double / Imperial IPA","4.25",3.945
"231","https://www.beeradvocate.com/community/members/beerdeathexperience.1190531/","American Double / Imperial IPA","3.5",3.945
"232","https://www.beeradvocate.com/community/members/ciocanelu.691982/","American Double / Imperial IPA","3.75",3.945
"233","https://www.beeradvocate.com/community/members/martin194.1129017/","American Double / Imperial IPA","4.25",3.945
"234","https://www.beeradvocate.com/community/members/mpyle.59002/","American Double / Imperial IPA","4",3.945
"235","https://www.beeradvocate.com/community/members/warfarris.1190503/","American Double / Imperial IPA","4.5",3.945
"236","https://www.beeradvocate.com/community/members/r_i_p.1189293/","American Double / Imperial IPA","4.25",3.945
"237","https://www.beeradvocate.com/community/members/raime.679489/","American Double / Imperial IPA","3.5",3.945
"238","https://www.beeradvocate.com/community/members/everydayoff.542573/","American Double / Imperial IPA","4.25",3.945
"239","https://www.beeradvocate.com/community/members/bierrunner.1077291/","American Double / Imperial IPA","4",3.945
"240","https://www.beeradvocate.com/community/members/easton70.1047298/","American Double / Imperial IPA","2.75",3.945
"241","https://www.beeradvocate.com/community/members/neil2me.711137/","American Double / Imperial IPA","4.25",3.945
"242","https://www.beeradvocate.com/community/members/anthonyjs.1172363/","American Double / Imperial IPA","4.5",3.945
"243","https://www.beeradvocate.com/community/members/jmdrpi.276070/","American Double / Imperial IPA","3.75",3.945
"244","https://www.beeradvocate.com/community/members/libeertarian.948639/","American Double / Imperial IPA","3.75",3.945
"245","https://www.beeradvocate.com/community/members/the_awesometeer.743405/","American Double / Imperial IPA","3.75",3.945
"246","https://www.beeradvocate.com/community/members/rodbeermunch.1073239/","American Double / Imperial IPA","3.75",3.945
"247","https://www.beeradvocate.com/community/members/brewxer.1119680/","American Double / Imperial IPA","4.75",3.945
"248","https://www.beeradvocate.com/community/members/christianalexander.1173498/","American Double / Imperial IPA","4.5",3.945
"249","https://www.beeradvocate.com/community/members/fitrock2112.691644/","American Double / Imperial IPA","4",4.025
"250","https://www.beeradvocate.com/community/members/mmosnn.1145541/","American Double / Imperial IPA","4.25",3.945
"251","https://www.beeradvocate.com/community/members/mikeward.620428/","American Double / Imperial IPA","3.5",3.945
"252","https://www.beeradvocate.com/community/members/beejay.281887/","American Double / Imperial IPA","4.25",4.025
"253","https://www.beeradvocate.com/community/members/ordybill.822032/","American Double / Imperial IPA","4",4.025
"254","https://www.beeradvocate.com/community/members/jpvanderbilt.1074926/","American Double / Imperial IPA","2",4.025
"255","https://www.beeradvocate.com/community/members/dragginballs76.1066881/","American Double / Imperial IPA","4.25",4.025
"256","https://www.beeradvocate.com/community/members/barmatchaser.903665/","American Double / Imperial IPA","4",4.025
"257","https://www.beeradvocate.com/community/members/edward_boumil.1006685/","American Double / Imperial IPA","4.25",4.025
"258","https://www.beeradvocate.com/community/members/atr2605.309315/","American Double / Imperial IPA","3.75",4.025
"259","https://www.beeradvocate.com/community/members/wesmantooth.775003/","American Double / Imperial IPA","4",4.025
"260","https://www.beeradvocate.com/community/members/mike22ne.839604/","American Double / Imperial IPA","4",4.025
"261","https://www.beeradvocate.com/community/members/skrumpy.1123479/","American Brown Ale","3.75",3.84
"262","https://www.beeradvocate.com/community/members/trygelski1.794207/","American Double / Imperial IPA","4.25",4.025
"263","https://www.beeradvocate.com/community/members/czequershuus.780649/","American Double / Imperial IPA","4.5",4.025
"264","https://www.beeradvocate.com/community/members/vetbidder.1177580/","American Double / Imperial IPA","4.25",4.025
"265","https://www.beeradvocate.com/community/members/harrison8.1078086/","American Brown Ale","3.75",3.84
"266","https://www.beeradvocate.com/community/members/guyfawkes.590591/","American Brown Ale","3.5",3.84
"267","https://www.beeradvocate.com/community/members/cjgator3.60686/","American Brown Ale","4",3.84
"268","https://www.beeradvocate.com/community/members/thirstylion.1183756/","American Double / Imperial IPA","3",4.025
"269","https://www.beeradvocate.com/community/members/ppvora.732061/","American Double / Imperial IPA","3.75",4.025
"270","https://www.beeradvocate.com/community/members/goingbrokeonbeer.767588/","American Double / Imperial IPA","4.25",4.025
"271","https://www.beeradvocate.com/community/members/tempest.26127/","American Brown Ale","4",3.84
"272","https://www.beeradvocate.com/community/members/jeffdr123.888050/","American Brown Ale","4.25",3.84
"273","https://www.beeradvocate.com/community/members/ajm5108.897145/","American Double / Imperial IPA","4.25",4.025
"274","https://www.beeradvocate.com/community/members/gavage.1881/","American Double / Imperial IPA","4.25",4.025
"275","https://www.beeradvocate.com/community/members/terp96.388713/","American Double / Imperial IPA","4",4.025
"276","https://www.beeradvocate.com/community/members/vader444.1171132/","American Brown Ale","4",3.84
"277","https://www.beeradvocate.com/community/members/seedyone.345778/","American Brown Ale","4.25",3.84
"278","https://www.beeradvocate.com/community/members/porterpro125.713860/","American Brown Ale","4.5",3.84
"279","https://www.beeradvocate.com/community/members/tekstr1der.899631/","American Double / Imperial IPA","4",4.025
"280","https://www.beeradvocate.com/community/members/chuckakhan.1168672/","American Double / Imperial IPA","1.75",4.025
"281","https://www.beeradvocate.com/community/members/joaopmgoncalves.708259/","American Brown Ale","4",3.84
"282","https://www.beeradvocate.com/community/members/mfnmbvp.705321/","American Brown Ale","4",3.84
"283","https://www.beeradvocate.com/community/members/bsp77.215044/","American Double / Imperial IPA","4.25",4.025
"284","https://www.beeradvocate.com/community/members/joesi.874277/","American Brown Ale","4.25",3.84
"285","https://www.beeradvocate.com/community/members/dsa7783.168510/","American Double / Imperial IPA","4",4.025
"286","https://www.beeradvocate.com/community/members/ciocanelu.691982/","American Double / Imperial IPA","3.75",4.025
"287","https://www.beeradvocate.com/community/members/bierliebhaber3.1153277/","American Brown Ale","4",3.84
"288","https://www.beeradvocate.com/community/members/nilocrellim.694788/","American Brown Ale","3.75",3.84
"289","https://www.beeradvocate.com/community/members/mntlover.2357/","American Double / Imperial IPA","4",4.025
"290","https://www.beeradvocate.com/community/members/ferb.1123255/","American Brown Ale","3.75",3.84
"291","https://www.beeradvocate.com/community/members/drtth.174905/","American Brown Ale","4",3.84
"292","https://www.beeradvocate.com/community/members/dinglehacker.1095224/","American Brown Ale","3.75",3.84
"293","https://www.beeradvocate.com/community/members/franziskaner.20741/","American Brown Ale","3.75",3.84
"294","https://www.beeradvocate.com/community/members/rodbeermunch.1073239/","American Brown Ale","3.25",3.84
"295","https://www.beeradvocate.com/community/members/mnjr.231109/","American Brown Ale","4.5",3.84
"296","https://www.beeradvocate.com/community/members/1000lbgrizzly.741995/","American Brown Ale","4.5",3.84
"297","https://www.beeradvocate.com/community/members/911croft.988388/","American Brown Ale","3.75",3.84
"298","https://www.beeradvocate.com/community/members/maedhros09.918265/","American Brown Ale","4",3.84
"299","https://www.beeradvocate.com/community/members/brewaskew.282/","American Brown Ale","4",3.84
"300","https://www.beeradvocate.com/community/members/eric_miller.956723/","American Brown Ale","4.75",3.84
"301","https://www.beeradvocate.com/community/members/tx-badger.680921/","American Brown Ale","4.5",4
"302","https://www.beeradvocate.com/community/members/greatstoutman.1091115/","American Brown Ale","4.5",4
"303","https://www.beeradvocate.com/community/members/macrosmatic.68995/","American Brown Ale","3.75",4
"305","https://www.beeradvocate.com/community/members/gambyt20.1095071/","American Brown Ale","4.25",4
"306","https://www.beeradvocate.com/community/members/damian.81765/","American Brown Ale","4.75",4
"307","https://www.beeradvocate.com/community/members/kurmaraja.733520/","American Brown Ale","3.75",4
"308","https://www.beeradvocate.com/community/members/cosmicevan.404079/","American Brown Ale","4.25",4
"310","https://www.beeradvocate.com/community/members/tommo.868686/","American Brown Ale","3.75",4
"311","https://www.beeradvocate.com/community/members/zac16125.420167/","American Brown Ale","3.5",4
"312","https://www.beeradvocate.com/community/members/myotus.891331/","American Brown Ale","4.5",4
"313","https://www.beeradvocate.com/community/members/zeff80.63854/","American Brown Ale","4",3.875
"316","https://www.beeradvocate.com/community/members/kevcan.1068256/","American Brown Ale","4.75",4
"317","https://www.beeradvocate.com/community/members/sheppard.723882/","American Brown Ale","4.25",4
"318","https://www.beeradvocate.com/community/members/eamonn-cummings3.777756/","American Brown Ale","4.25",3.875
"319","https://www.beeradvocate.com/community/members/awolfatthedoor.46481/","American Brown Ale","4.5",3.875
"323","https://www.beeradvocate.com/community/members/clayrock81.170415/","American Brown Ale","4.25",4
"324","https://www.beeradvocate.com/community/members/gallowsthief.487361/","American Brown Ale","4.5",4
"325","https://www.beeradvocate.com/community/members/ktcamm.289047/","American Brown Ale","3.75",3.875
"326","https://www.beeradvocate.com/community/members/jjkbeerlvr.675029/","American Brown Ale","4",3.875
"327","https://www.beeradvocate.com/community/members/the_awesometeer.743405/","American Brown Ale","4.75",3.875
"328","https://www.beeradvocate.com/community/members/billroth.47795/","American Brown Ale","4.25",3.875
"333","https://www.beeradvocate.com/community/members/rodmanfor3.843710/","American Brown Ale","4.25",4
"334","https://www.beeradvocate.com/community/members/cmq103.276574/","American Brown Ale","4.25",3.875
"335","https://www.beeradvocate.com/community/members/socal_matt.824776/","American Brown Ale","4.5",3.875
"342","https://www.beeradvocate.com/community/members/slack.659696/","American Brown Ale","4.25",4
"343","https://www.beeradvocate.com/community/members/lemmy187.940694/","American Brown Ale","4.5",4
"344","https://www.beeradvocate.com/community/members/kevinpitts.801243/","American Brown Ale","4.25",4
"345","https://www.beeradvocate.com/community/members/ciocanelu.691982/","American Brown Ale","4",3.875
"346","https://www.beeradvocate.com/community/members/garrettb.50362/","American Brown Ale","3.75",3.875
"347","https://www.beeradvocate.com/community/members/davolebomb.207412/","American Brown Ale","4",3.875
"353","https://www.beeradvocate.com/community/members/vtr.829667/","American Brown Ale","4.75",4
"354","https://www.beeradvocate.com/community/members/kvnbgry.687348/","American Brown Ale","4",4
"355","https://www.beeradvocate.com/community/members/jhartley.494442/","American Brown Ale","4.5",4
"356","https://www.beeradvocate.com/community/members/kvnbgry.687348/","American Brown Ale","4.5",3.875
"357","https://www.beeradvocate.com/community/members/ironrakkasan.288463/","American Brown Ale","3.5",3.875
"362","https://www.beeradvocate.com/community/members/nolahophead.791224/","American Brown Ale","4.5",4
"363","https://www.beeradvocate.com/community/members/klourie.821710/","American Brown Ale","4.5",4
"364","https://www.beeradvocate.com/community/members/pat61.545285/","American Brown Ale","4.5",3.875
"365","https://www.beeradvocate.com/community/members/57md.617300/","American Brown Ale","3.75",3.875
"371","https://www.beeradvocate.com/community/members/mateo2699.997970/","American Brown Ale","4.5",4
"372","https://www.beeradvocate.com/community/members/the_snow_bird.983916/","American Brown Ale","4",4
"373","https://www.beeradvocate.com/community/members/wunderllama.544594/","American Brown Ale","4",3.875
"374","https://www.beeradvocate.com/community/members/94sip.680321/","American Brown Ale","4.5",3.875
"375","https://www.beeradvocate.com/community/members/spacecake9.796686/","American Brown Ale","4",3.875
"376","https://www.beeradvocate.com/community/members/trueperception.751390/","American Brown Ale","3.75",3.875
"377","https://www.beeradvocate.com/community/members/speedwayjim.342030/","Wheatwine","3.75",3.95
"386","https://www.beeradvocate.com/community/members/beersnake1.749253/","Wheatwine","4.25",3.95
"387","https://www.beeradvocate.com/community/members/superspak.456300/","Wheatwine","4.5",3.95
"391","https://www.beeradvocate.com/community/members/brentk56.6284/","American Brown Ale","4",3.875
"392","https://www.beeradvocate.com/community/members/themagnanimous.580747/","American Brown Ale","4.75",3.875
"393","https://www.beeradvocate.com/community/members/brentk56.6284/","Wheatwine","4",3.95
"394","https://www.beeradvocate.com/community/members/greesyfizeek.721957/","Wheatwine","4.25",3.95
"396","https://www.beeradvocate.com/community/members/chinchill.199175/","American Brown Ale","3.75",3.875
"397","https://www.beeradvocate.com/community/members/thicknstout.577578/","Wheatwine","4.75",3.95
"398","https://www.beeradvocate.com/community/members/stephenjmoore.568544/","Wheatwine","4",3.95
"399","https://www.beeradvocate.com/community/members/krisbobbrown.756524/","Wheatwine","4",3.95
"400","https://www.beeradvocate.com/community/members/ikr.462869/","Wheatwine","4.25",3.95
"402","https://www.beeradvocate.com/community/members/rudzud.453801/","Wheatwine","3.75",3.95
"403","https://www.beeradvocate.com/community/members/jlindros.163147/","Wheatwine","3.75",3.95
"404","https://www.beeradvocate.com/community/members/dvmin98.520731/","Wheatwine","4.5",3.95
"405","https://www.beeradvocate.com/community/members/doublesimcoe.285283/","Wheatwine","3.75",3.95
"411","https://www.beeradvocate.com/community/members/tele.395945/","Wheatwine","4.25",3.95
"412","https://www.beeradvocate.com/community/members/kevinpitts.801243/","Wheatwine","4.25",3.95
"413","https://www.beeradvocate.com/community/members/john0721.23898/","Wheatwine","3.75",3.95
"414","https://www.beeradvocate.com/community/members/stillyman11.792987/","Wheatwine","4.5",3.95
"503","https://www.beeradvocate.com/community/members/theremyleabeau.727195/","Wheatwine","4",3.855
"14052","https://www.beeradvocate.com/community/members/hopheadjeffery.707905/","Belgian Dark Ale","4.25",4.21
"14053","https://www.beeradvocate.com/community/members/smakawhat.204323/","Belgian Dark Ale","4.25",4.21
"14054","https://www.beeradvocate.com/community/members/deltatauhobbit.176683/","Belgian Dark Ale","4.5",4.21
"14055","https://www.beeradvocate.com/community/members/fmccormi.517935/","Belgian Dark Ale","4.5",4.21
"14056","https://www.beeradvocate.com/community/members/lordofthewiens.40193/","Belgian Dark Ale","4",4.21
"14057","https://www.beeradvocate.com/community/members/bowdoinbeerboy.100261/","Belgian Dark Ale","4",4.21
"14058","https://www.beeradvocate.com/community/members/jason.3/","Belgian Dark Ale","4",4.21
"14059","https://www.beeradvocate.com/community/members/crob3888.512580/","Belgian Dark Ale","4.25",4.21
"14061","https://www.beeradvocate.com/community/members/kuaff.726395/","Belgian Dark Ale","4.5",4.15
"14062","https://www.beeradvocate.com/community/members/barleywinefiend.174542/","Belgian Dark Ale","4",4.15
"14063","https://www.beeradvocate.com/community/members/nwer.306689/","Belgian Dark Ale","4",4.15
"14064","https://www.beeradvocate.com/community/members/boogyman.362786/","Belgian Dark Ale","4.5",4.15
"14065","https://www.beeradvocate.com/community/members/sirchugsalot.141773/","Belgian Dark Ale","4.5",4.15
"14066","https://www.beeradvocate.com/community/members/emperorbevis.621888/","Belgian Dark Ale","4",3.985
"14067","https://www.beeradvocate.com/community/members/beertunes.160720/","Belgian Dark Ale","3.5",4.15
"14068","https://www.beeradvocate.com/community/members/zac16125.420167/","Belgian Dark Ale","4",3.985
"14070","https://www.beeradvocate.com/community/members/twincrasher.703075/","Belgian Dark Ale","4.5",3.985
"14071","https://www.beeradvocate.com/community/members/mrfrancis.489156/","Belgian Dark Ale","3.5",3.985
"14072","https://www.beeradvocate.com/community/members/stinkypuss.209764/","Belgian Dark Ale","4.5",3.985
"14074","https://www.beeradvocate.com/community/members/nickfl.68596/","Belgian Dark Ale","3.5",3.985
"14075","https://www.beeradvocate.com/community/members/owsley069.135508/","Belgian Dark Ale","3",3.985
"14080","https://www.beeradvocate.com/community/members/solipsismalcat.351175/","Belgian Dark Ale","4.5",3.985
"14084","https://www.beeradvocate.com/community/members/ckollias.231766/","Belgian Dark Ale","4",3.985
"14085","https://www.beeradvocate.com/community/members/rifugium.304205/","Belgian Dark Ale","4",3.985
"14089","https://www.beeradvocate.com/community/members/pzrhsau.375683/","Belgian Dark Ale","3.5",3.985
"14090","https://www.beeradvocate.com/community/members/sigmund.323/","Belgian Dark Ale","4",3.985
"14091","https://www.beeradvocate.com/community/members/kbutler1.243638/","Belgian Dark Ale","4",3.985
"14092","https://www.beeradvocate.com/community/members/gavage.1881/","Belgian Dark Ale","3.5",3.985
"14093","https://www.beeradvocate.com/community/members/metter98.95017/","Belgian Dark Ale","4",3.985
"14094","https://www.beeradvocate.com/community/members/impending.437194/","Belgian Dark Ale","3.5",3.985
"14095","https://www.beeradvocate.com/community/members/beerenauslese.85107/","Belgian Dark Ale","4.5",3.985
"14097","https://www.beeradvocate.com/community/members/halcyondays.145116/","Belgian Dark Ale","3.5",3.985
"14098","https://www.beeradvocate.com/community/members/rtepiak.149468/","Belgian Dark Ale","4.5",3.985
"14099","https://www.beeradvocate.com/community/members/beerimmediately.63147/","Belgian Dark Ale","3",3.985
"14103","https://www.beeradvocate.com/community/members/avalon07.180837/","Belgian Dark Ale","4",3.985
"14104","https://www.beeradvocate.com/community/members/thekanna.246053/","Belgian Dark Ale","4",3.985
"14105","https://www.beeradvocate.com/community/members/john_m.3421/","Belgian Dark Ale","4",3.985
"14107","https://www.beeradvocate.com/community/members/travlr.234889/","Belgian Dark Ale","4",3.985
"15196","https://www.beeradvocate.com/community/members/getalegup.767964/","Belgian Dark Ale","4",3.905
"15197","https://www.beeradvocate.com/community/members/inlimbo77.461787/","Belgian Dark Ale","3.75",3.905
"15198","https://www.beeradvocate.com/community/members/doktorzee.442345/","Belgian Dark Ale","3.5",3.905
"15199","https://www.beeradvocate.com/community/members/crusian.459347/","Belgian Dark Ale","3.5",3.905
"15200","https://www.beeradvocate.com/community/members/utcengowl.463392/","Belgian Dark Ale","4",3.905
"15201","https://www.beeradvocate.com/community/members/wampahoofus.328264/","Belgian Dark Ale","4.5",3.905
"15202","https://www.beeradvocate.com/community/members/redraider2323.533385/","Belgian Dark Ale","4",3.905
"15203","https://www.beeradvocate.com/community/members/beersheppard.188573/","Belgian Dark Ale","4",3.905
"15204","https://www.beeradvocate.com/community/members/mora2000.164611/","Belgian Dark Ale","4",3.905
"15205","https://www.beeradvocate.com/community/members/wagenvolks.40929/","Belgian Dark Ale","4",3.905
"15206","https://www.beeradvocate.com/community/members/hopdog.9038/","Belgian Dark Ale","4",3.905
"15207","https://www.beeradvocate.com/community/members/seaoflament.88285/","Belgian Dark Ale","4",3.905
"15208","https://www.beeradvocate.com/community/members/achamberlain.82529/","Belgian Dark Ale","4",3.905
"15209","https://www.beeradvocate.com/community/members/mushroomcloud.15823/","Belgian Dark Ale","4",3.905
"15210","https://www.beeradvocate.com/community/members/jdv.174727/","Belgian Dark Ale","4",3.905
"15211","https://www.beeradvocate.com/community/members/hiikeeba.35637/","Belgian Dark Ale","4.5",3.905
"15212","https://www.beeradvocate.com/community/members/blackbeerpirate.297687/","Belgian Dark Ale","3.5",4.06
"15213","https://www.beeradvocate.com/community/members/barnzy78.224763/","Belgian Dark Ale","4.25",4.06
"15214","https://www.beeradvocate.com/community/members/barnoloid.919877/","Belgian Dark Ale","4.25",4.06
"15215","https://www.beeradvocate.com/community/members/rynegne.861368/","Belgian Dark Ale","4.5",4.06
"15216","https://www.beeradvocate.com/community/members/phboiler.713149/","Belgian Dark Ale","4.25",4.06
"15217","https://www.beeradvocate.com/community/members/delta490.718226/","Belgian Dark Ale","3.75",3.81
"15218","https://www.beeradvocate.com/community/members/richj1970.700694/","Belgian Dark Ale","3.75",3.81
"15219","https://www.beeradvocate.com/community/members/bwed.653268/","Belgian Dark Ale","4",3.81
"15220","https://www.beeradvocate.com/community/members/thedoctor.722139/","Belgian Dark Ale","4",3.81
"15221","https://www.beeradvocate.com/community/members/thorpe429.243272/","Belgian Dark Ale","3.5",3.81
"15222","https://www.beeradvocate.com/community/members/krautaficionado.567762/","Belgian Dark Ale","4.5",3.81
"15223","https://www.beeradvocate.com/community/members/flagil_reinhumps.696380/","Belgian Dark Ale","1.5",3.865
"15224","https://www.beeradvocate.com/community/members/stonedtrippin.601042/","Belgian Dark Ale","4",3.81
"15225","https://www.beeradvocate.com/community/members/rvdoorn.337067/","Belgian Dark Ale","3.5",3.81
"15226","https://www.beeradvocate.com/community/members/ao125.532960/","Belgian Dark Ale","4.5",3.865
"15227","https://www.beeradvocate.com/community/members/ckollias.231766/","Belgian Dark Ale","4.5",3.865
"15228","https://www.beeradvocate.com/community/members/vandemonian.497441/","Belgian Dark Ale","4",3.865
"15229","https://www.beeradvocate.com/community/members/woodbrew.549902/","Belgian Dark Ale","3.75",3.81
"15230","https://www.beeradvocate.com/community/members/avalon07.180837/","Belgian Dark Ale","3.5",3.81
"15231","https://www.beeradvocate.com/community/members/voss.19892/","Belgian Dark Ale","4",3.81
"15232","https://www.beeradvocate.com/community/members/lunch.96458/","Belgian Dark Ale","4.5",3.865
"15233","https://www.beeradvocate.com/community/members/asabreed.3340/","Belgian Dark Ale","3.5",3.865
"15234","https://www.beeradvocate.com/community/members/jkbusman.295414/","Belgian Dark Ale","4.5",3.865
"15235","https://www.beeradvocate.com/community/members/maximalc.411588/","Belgian Dark Ale","3.75",3.81
"15236","https://www.beeradvocate.com/community/members/tmoney2591.322390/","Belgian Dark Ale","3.5",3.81
"15237","https://www.beeradvocate.com/community/members/brentk56.6284/","Belgian Dark Ale","4",3.85
"15238","https://www.beeradvocate.com/community/members/akorsak.2845/","Belgian Dark Ale","4",3.865
"15239","https://www.beeradvocate.com/community/members/woodychandler.5708/","Belgian Dark Ale","3.75",3.85
"15240","https://www.beeradvocate.com/community/members/bret717.768290/","Belgian Dark Ale","4.25",3.85
"15241","https://www.beeradvocate.com/community/members/ajm5108.897145/","Belgian Dark Ale","2.75",3.85
"15242","https://www.beeradvocate.com/community/members/davolebomb.207412/","Belgian Dark Ale","1",3.865
"15243","https://www.beeradvocate.com/community/members/dbrauneis.177736/","Belgian Dark Ale","4",3.85
"15244","https://www.beeradvocate.com/community/members/cylinsier.253304/","Belgian Dark Ale","4",3.85
"15245","https://www.beeradvocate.com/community/members/drdemento456.330550/","Belgian Dark Ale","4",3.85
"15246","https://www.beeradvocate.com/community/members/hopdog.9038/","Belgian Dark Ale","3.5",3.865
"15247","https://www.beeradvocate.com/community/members/blackie.15912/","Belgian Dark Ale","4",3.865
"15248","https://www.beeradvocate.com/community/members/rblwthacoz.93332/","Belgian Dark Ale","4.5",3.865
"15249","https://www.beeradvocate.com/community/members/brentk56.6284/","Belgian Dark Ale","5",3.865
"15250","https://www.beeradvocate.com/community/members/nerofiddled.526/","Belgian Dark Ale","4.25",3.85
"15251","https://www.beeradvocate.com/community/members/budinetz.545244/","Belgian Dark Ale","3.5",3.85
"15252","https://www.beeradvocate.com/community/members/rblwthacoz.93332/","Belgian Dark Ale","4",3.85
"15253","https://www.beeradvocate.com/community/members/stakem.300923/","Belgian Dark Ale","3",3.85
"15254","https://www.beeradvocate.com/community/members/john_m.3421/","Belgian Dark Ale","4.5",3.865
"15255","https://www.beeradvocate.com/community/members/./","Belgian Dark Ale","3.5",3.865
"15256","https://www.beeradvocate.com/community/members/slatetank.102045/","Belgian Dark Ale","4",3.865
"15257","https://www.beeradvocate.com/community/members/stinkypuss.209764/","Belgian Dark Ale","4.25",3.85
"15258","https://www.beeradvocate.com/community/members/th28.988627/","Belgian Dark Ale","3.75",3.895
"15259","https://www.beeradvocate.com/community/members/bruachan.7282/","Belgian Dark Ale","4",3.865
"15260","https://www.beeradvocate.com/community/members/mrasskicktastic.20735/","Belgian Dark Ale","2.5",3.865
"15261","https://www.beeradvocate.com/community/members/hunteraw.32914/","Belgian Dark Ale","4",3.865
"15262","https://www.beeradvocate.com/community/members/higravity.9170/","Belgian Dark Ale","3.5",3.865
"15263","https://www.beeradvocate.com/community/members/hat_fulla_beer.1081123/","Belgian Dark Ale","4",3.895
"15264","https://www.beeradvocate.com/community/members/joncorbett.1118825/","Belgian Dark Ale","4",3.895
"15265","https://www.beeradvocate.com/community/members/stonedtrippin.601042/","Belgian Dark Ale","3.5",3.895
"15266","https://www.beeradvocate.com/community/members/cubedbee.4135/","Belgian Dark Ale","4.5",3.865
"15267","https://www.beeradvocate.com/community/members/dithyramb.4413/","Belgian Dark Ale","4.5",3.865
"15268","https://www.beeradvocate.com/community/members/marburg.1449/","Belgian Dark Ale","4.5",3.865
"15269","https://www.beeradvocate.com/community/members/svingjo.685911/","Belgian Dark Ale","4",3.895
"15270","https://www.beeradvocate.com/community/members/of001.700882/","Belgian Dark Ale","4.5",3.895
"15271","https://www.beeradvocate.com/community/members/biboergosum.168458/","Belgian Dark Ale","4",3.895
"15272","https://www.beeradvocate.com/community/members/wordemupg.297617/","Belgian Dark Ale","3.5",3.895
"15273","https://www.beeradvocate.com/community/members/scoats.737/","Belgian Dark Ale","4.5",3.865
"15274","https://www.beeradvocate.com/community/members/drpimento.6585/","Belgian Dark Ale","4",3.895
"15275","https://www.beeradvocate.com/community/members/beerchitect.14442/","Belgian Dark Ale","4",3.895
"15276","https://www.beeradvocate.com/community/members/kylehay2004.571365/","Belgian Dark Ale","4",3.895
"15277","https://www.beeradvocate.com/community/members/nickfl.68596/","Belgian Dark Ale","4.5",3.895
"15278","https://www.beeradvocate.com/community/members/beernemesis.407489/","Belgian Dark Ale","4",3.895
"15279","https://www.beeradvocate.com/community/members/knapp85.408506/","Belgian Dark Ale","4",3.895
"15280","https://www.beeradvocate.com/community/members/metter98.95017/","Belgian Dark Ale","4",3.895
"15281","https://www.beeradvocate.com/community/members/stevenbilodeau.408838/","Belgian Dark Ale","4",3.895
"15282","https://www.beeradvocate.com/community/members/derek.17251/","Belgian Dark Ale","4",3.895
"15283","https://www.beeradvocate.com/community/members/john_m.3421/","Belgian Dark Ale","4",3.895
"15284","https://www.beeradvocate.com/community/members/dirtylou.19214/","Belgian Dark Ale","4",3.895
"15285","https://www.beeradvocate.com/community/members/epicac.2513/","Belgian Dark Ale","4.5",3.895
"15286","https://www.beeradvocate.com/community/members/mcann2pu.381643/","Belgian Dark Ale","3",3.895
"15287","https://www.beeradvocate.com/community/members/mora2000.164611/","Belgian Dark Ale","4",3.895
"15288","https://www.beeradvocate.com/community/members/david18.40246/","Belgian Dark Ale","3.5",3.895
"15289","https://www.beeradvocate.com/community/members/phyl21ca.2335/","Belgian Dark Ale","4",3.895
"15290","https://www.beeradvocate.com/community/members/halcyondays.145116/","Belgian Dark Ale","4.5",3.895
"15291","https://www.beeradvocate.com/community/members/jason.3/","Belgian Dark Ale","3.5",3.995
"15292","https://www.beeradvocate.com/community/members/bubseymour.519994/","Belgian Dark Ale","4.5",3.995
"15293","https://www.beeradvocate.com/community/members/phyl21ca.2335/","Belgian Dark Ale","3",3.995
"15294","https://www.beeradvocate.com/community/members/johnnymc.659679/","Belgian Dark Ale","4",3.995
"15295","https://www.beeradvocate.com/community/members/uclabrewn84.439438/","Belgian Dark Ale","4",3.995
"15296","https://www.beeradvocate.com/community/members/bum732.196374/","Belgian Dark Ale","2",3.995
"15297","https://www.beeradvocate.com/community/members/knapp85.408506/","Belgian Dark Ale","3.75",3.995
"15298","https://www.beeradvocate.com/community/members/arithmeticus.464859/","Belgian Dark Ale","4",3.995
"15299","https://www.beeradvocate.com/community/members/gonzaloyanna.573230/","Belgian Dark Ale","3.5",3.805
"15300","https://www.beeradvocate.com/community/members/jonmikel.654601/","Belgian Dark Ale","4",3.485
"15301","https://www.beeradvocate.com/community/members/jtierney89.616218/","Belgian Dark Ale","4",3.995
"15302","https://www.beeradvocate.com/community/members/craftbeertastic.605729/","Belgian Dark Ale","4.5",3.995
"15303","https://www.beeradvocate.com/community/members/drdemento456.330550/","Belgian Dark Ale","3",3.805
"15304","https://www.beeradvocate.com/community/members/blackhaddock.90923/","Belgian Dark Ale","3.5",3.805
"15305","https://www.beeradvocate.com/community/members/beerdrifter.12340/","Belgian Dark Ale","4",3.805
"15306","https://www.beeradvocate.com/community/members/josanguapo.971932/","Belgian Dark Ale","3.75",3.485
"15307","https://www.beeradvocate.com/community/members/boto.1987/","Belgian Dark Ale","3.5",3.485
"15308","https://www.beeradvocate.com/community/members/janubio.14451/","Belgian Dark Ale","3.5",3.485
"15309","https://www.beeradvocate.com/community/members/stephenjmoore.568544/","Belgian Dark Ale","3.5",3.995
"15310","https://www.beeradvocate.com/community/members/burdgod.692261/","Belgian Dark Ale","2.5",3.995
"15311","https://www.beeradvocate.com/community/members/ryanm1.442377/","Belgian Dark Ale","4",3.995
"15312","https://www.beeradvocate.com/community/members/ekimgram.382372/","Belgian Dark Ale","2.5",3.805
"15313","https://www.beeradvocate.com/community/members/skypup.536565/","Belgian Dark Ale","4",3.805
"15314","https://www.beeradvocate.com/community/members/ruudjh.323109/","Belgian Dark Ale","4.5",3.805
"15315","https://www.beeradvocate.com/community/members/eduardolinhalis.286149/","Belgian Dark Ale","3.5",3.485
"15316","https://www.beeradvocate.com/community/members/mactrail.311921/","Belgian Dark Ale","3.5",3.485
"15317","https://www.beeradvocate.com/community/members/djura.544616/","Belgian Dark Ale","3.5",3.485
"15318","https://www.beeradvocate.com/community/members/hopfenpeter.500460/","Belgian Dark Ale","4.5",3.995
"15319","https://www.beeradvocate.com/community/members/redsonja.398228/","Belgian Dark Ale","3",3.805
"15320","https://www.beeradvocate.com/community/members/rinhaak.343472/","Belgian Dark Ale","5",3.805
"15321","https://www.beeradvocate.com/community/members/crossovert.313937/","Belgian Dark Ale","4",3.805
"15322","https://www.beeradvocate.com/community/members/jhtipton.392817/","Belgian Dark Ale","3.5",3.485
"15323","https://www.beeradvocate.com/community/members/superspy.61870/","Belgian Dark Ale","3",3.485
"15324","https://www.beeradvocate.com/community/members/sfprint.440846/","Belgian Dark Ale","2.5",3.485
"15325","https://www.beeradvocate.com/community/members/psukinger.14135/","Belgian Dark Ale","3.5",3.805
"15326","https://www.beeradvocate.com/community/members/benfons.181995/","Belgian Dark Ale","3.5",3.485
"15327","https://www.beeradvocate.com/community/members/robbyc1.76633/","Belgian Dark Ale","4",3.805
"15328","https://www.beeradvocate.com/community/members/chickman.285240/","Belgian Dark Ale","3.5",3.805
"15329","https://www.beeradvocate.com/community/members/joeybeerbelly.112042/","Belgian Dark Ale","4.5",3.805
"15330","https://www.beeradvocate.com/community/members/impending.437194/","Belgian Dark Ale","2",3.485
"15331","https://www.beeradvocate.com/community/members/rvdoorn.337067/","Belgian Dark Ale","3",3.485
"15332","https://www.beeradvocate.com/community/members/bradthoc.558201/","Belgian Dark Ale","4.5",3.485
"15333","https://www.beeradvocate.com/community/members/stonedtrippin.601042/","Belgian Dark Ale","3.5",3.68
"15334","https://www.beeradvocate.com/community/members/benfons.181995/","Belgian Dark Ale","4.5",3.805
"15335","https://www.beeradvocate.com/community/members/yelterdow.3535/","Belgian Dark Ale","4.5",3.805
"15336","https://www.beeradvocate.com/community/members/mora2000.164611/","Belgian Dark Ale","4",3.485
"15337","https://www.beeradvocate.com/community/members/basica.138777/","Belgian Dark Ale","4",3.485
"15338","https://www.beeradvocate.com/community/members/blackhaddock.90923/","Belgian Dark Ale","3",3.485
"15339","https://www.beeradvocate.com/community/members/the-adjunct-hippie.799578/","Belgian Dark Ale","4",3.68
"15340","https://www.beeradvocate.com/community/members/mloxxer.989404/","Belgian Dark Ale","2.5",3.68
"15341","https://www.beeradvocate.com/community/members/splitgrin.2080/","Belgian Dark Ale","3.5",3.68
"15342","https://www.beeradvocate.com/community/members/buckeyenation.3819/","Belgian Dark Ale","3.5",3.805
"15343","https://www.beeradvocate.com/community/members/yesyouam.275190/","Belgian Dark Ale","3",3.805
"15344","https://www.beeradvocate.com/community/members/beerthulhu.186652/","Belgian Dark Ale","3",3.805
"15345","https://www.beeradvocate.com/community/members/atis.229991/","Belgian Dark Ale","2.5",3.485
"15346","https://www.beeradvocate.com/community/members/smokinsmyth.494131/","Belgian Dark Ale","3",3.485
"15347","https://www.beeradvocate.com/community/members/phyl21ca.2335/","Belgian Dark Ale","3",3.485
"15348","https://www.beeradvocate.com/community/members/ipa1978.358490/","Belgian Dark Ale","3.25",3.68
"15349","https://www.beeradvocate.com/community/members/clockwork420.94919/","Belgian Dark Ale","4.25",3.68
"15350","https://www.beeradvocate.com/community/members/suds.364/","Belgian Dark Ale","3.75",3.68
"15351","https://www.beeradvocate.com/community/members/beermanbrian.16829/","Belgian Dark Ale","3.5",3.805
"15352","https://www.beeradvocate.com/community/members/ftownthrowdown.15156/","Belgian Dark Ale","3",3.805
"15353","https://www.beeradvocate.com/community/members/slatetank.102045/","Belgian Dark Ale","3.5",3.805
"15354","https://www.beeradvocate.com/community/members/thacreep.370987/","Belgian Dark Ale","2.5",3.485
"15355","https://www.beeradvocate.com/community/members/absumaster.29757/","Belgian Dark Ale","2.5",3.485
"15356","https://www.beeradvocate.com/community/members/thierrynantes.97716/","Belgian Dark Ale","3",3.485
"15357","https://www.beeradvocate.com/community/members/henrich.779371/","Belgian Dark Ale","4",3.68
"15358","https://www.beeradvocate.com/community/members/yourefragile.112309/","Belgian Dark Ale","2.75",3.68
"15359","https://www.beeradvocate.com/community/members/entropy501.739440/","Belgian Dark Ale","4",3.68
"15360","https://www.beeradvocate.com/community/members/scruffwhor.17340/","Belgian Dark Ale","3",3.805
"15361","https://www.beeradvocate.com/community/members/natural510.174025/","Belgian Dark Ale","3.5",3.805
"15362","https://www.beeradvocate.com/community/members/homebrewpgh.265402/","Belgian Dark Ale","3",3.805
"15363","https://www.beeradvocate.com/community/members/bryancarey.91842/","Belgian Dark Ale","4",3.68
"15364","https://www.beeradvocate.com/community/members/soju6.436826/","Belgian Dark Ale","3.5",3.68
"15365","https://www.beeradvocate.com/community/members/beeradvocate.1/","Belgian Dark Ale","4",3.68
"15366","https://www.beeradvocate.com/community/members/bnes09.305814/","Belgian Dark Ale","3",3.68
"15367","https://www.beeradvocate.com/community/members/thewhiskerreview.574656/","Belgian Dark Ale","3",3.68
"15368","https://www.beeradvocate.com/community/members/thesarge.9029/","Belgian Dark Ale","2.5",3.68
"15369","https://www.beeradvocate.com/community/members/gossagebrewery.535394/","Belgian Dark Ale","3.5",3.68
"15370","https://www.beeradvocate.com/community/members/orsulacp.1210/","Belgian Dark Ale","3",3.68
"15371","https://www.beeradvocate.com/community/members/meatmallet.183274/","Belgian Dark Ale","2.5",3.68
"15372","https://www.beeradvocate.com/community/members/jar2574.127320/","Belgian Dark Ale","3.5",3.68
"15373","https://www.beeradvocate.com/community/members/zundo.505087/","Belgian Dark Ale","3.5",3.68
"15374","https://www.beeradvocate.com/community/members/joebobpr.5045/","Belgian Dark Ale","2.5",3.68
"15375","https://www.beeradvocate.com/community/members/tigg924.215811/","Belgian Dark Ale","3.75",3.665
"15376","https://www.beeradvocate.com/community/members/wasatch.23172/","Belgian Dark Ale","4.25",3.645
"15377","https://www.beeradvocate.com/community/members/tone.106332/","Belgian Dark Ale","3.75",3.68
"15378","https://www.beeradvocate.com/community/members/chaingangguy.8942/","Belgian Dark Ale","3",3.68
"15379","https://www.beeradvocate.com/community/members/birchstick.156321/","Belgian Dark Ale","4",3.68
"15380","https://www.beeradvocate.com/community/members/gj40.181902/","Belgian Dark Ale","3.75",3.665
"15381","https://www.beeradvocate.com/community/members/beerenauslese.85107/","Belgian Dark Ale","3.75",3.665
"15382","https://www.beeradvocate.com/community/members/beerpirates.455734/","Belgian Dark Ale","3.75",3.665
"15383","https://www.beeradvocate.com/community/members/puck1225.1028282/","Belgian Dark Ale","4",3.645
"15384","https://www.beeradvocate.com/community/members/czequershuus.780649/","Belgian Dark Ale","4.25",3.645
"15385","https://www.beeradvocate.com/community/members/champ103.156510/","Belgian Dark Ale","4",3.645
"15386","https://www.beeradvocate.com/community/members/stakem.300923/","Belgian Dark Ale","4",3.665
"15387","https://www.beeradvocate.com/community/members/kickbackssteve.293679/","Belgian Dark Ale","4",3.665
"15388","https://www.beeradvocate.com/community/members/haz77.38771/","Belgian Dark Ale","3.5",3.665
"15389","https://www.beeradvocate.com/community/members/morimech.106006/","Belgian Dark Ale","3.75",3.645
"15390","https://www.beeradvocate.com/community/members/bsp77.215044/","Belgian Dark Ale","4",3.645
"15391","https://www.beeradvocate.com/community/members/parmesan.999030/","Belgian Dark Ale","4",3.645
"15392","https://www.beeradvocate.com/community/members/mactrail.311921/","Belgian Dark Ale","3",3.645
"15393","https://www.beeradvocate.com/community/members/dgilks.234743/","Belgian Dark Ale","3.5",3.665
"15394","https://www.beeradvocate.com/community/members/bobz.343541/","Belgian Dark Ale","3.5",3.665
"15395","https://www.beeradvocate.com/community/members/rvdoorn.337067/","Belgian Dark Ale","4",3.665
"15396","https://www.beeradvocate.com/community/members/beeradvocate.1/","Belgian Dark Ale","3.75",3.645
"15397","https://www.beeradvocate.com/community/members/mistat.757851/","Belgian Dark Ale","3.25",3.645
"15398","https://www.beeradvocate.com/community/members/stonedtrippin.601042/","Belgian Dark Ale","3.75",3.645
"15399","https://www.beeradvocate.com/community/members/illidurit.120975/","Belgian Dark Ale","3.5",3.665
"15400","https://www.beeradvocate.com/community/members/mikesgroove.104485/","Belgian Dark Ale","4",3.665
"15401","https://www.beeradvocate.com/community/members/freshhawk.396593/","Belgian Dark Ale","4",3.665
"15402","https://www.beeradvocate.com/community/members/uclabrewn84.439438/","Belgian Dark Ale","3.75",3.645
"15403","https://www.beeradvocate.com/community/members/biboergosum.168458/","Belgian Dark Ale","4",3.645
"15404","https://www.beeradvocate.com/community/members/denver10.526761/","Belgian Dark Ale","4.25",3.645
"15405","https://www.beeradvocate.com/community/members/kwjd.321186/","Belgian Dark Ale","4",3.665
"15406","https://www.beeradvocate.com/community/members/sammy.3853/","Belgian Dark Ale","4",3.665
"15407","https://www.beeradvocate.com/community/members/dasenebler.190183/","Belgian Dark Ale","3.5",3.665
"15408","https://www.beeradvocate.com/community/members/jwale73.153242/","Belgian Dark Ale","3.5",3.665
"15409","https://www.beeradvocate.com/community/members/benclimbs.262843/","Belgian Dark Ale","4",3.665
"15410","https://www.beeradvocate.com/community/members/gyllstromk.207018/","Belgian Dark Ale","4",3.665
"15411","https://www.beeradvocate.com/community/members/toasterchef.206457/","Belgian Dark Ale","4.5",3.665
"15412","https://www.beeradvocate.com/community/members/womencantsail.222552/","Belgian Dark Ale","4",3.665
"15413","https://www.beeradvocate.com/community/members/twelvsies.5697/","Belgian Dark Ale","4",3.665
"15414","https://www.beeradvocate.com/community/members/jlindros.163147/","Belgian Dark Ale","4.5",3.665
"15415","https://www.beeradvocate.com/community/members/gueuzedude.2737/","Belgian Dark Ale","4",3.665
"15416","https://www.beeradvocate.com/community/members/eric5bellies.82989/","Belgian Dark Ale","4.5",3.665
"15443","https://www.beeradvocate.com/community/members/kurmaraja.733520/","Belgian Dark Ale","3.5",3.8
"15444","https://www.beeradvocate.com/community/members/stonedtrippin.601042/","Belgian Dark Ale","4.25",3.7
"15445","https://www.beeradvocate.com/community/members/beric.735163/","Belgian Dark Ale","4.25",3.8
"15446","https://www.beeradvocate.com/community/members/sean9689.309157/","Belgian Dark Ale","3",3.8
"15447","https://www.beeradvocate.com/community/members/zombiesatemydog.233201/","Belgian Dark Ale","4",3.8
"15448","https://www.beeradvocate.com/community/members/chriscage.126748/","Belgian Dark Ale","4.25",3.7
"15449","https://www.beeradvocate.com/community/members/brenden.198153/","Belgian Dark Ale","3.5",3.7
"15450","https://www.beeradvocate.com/community/members/johnnybarman.379651/","Belgian Dark Ale","3.25",3.7
"15451","https://www.beeradvocate.com/community/members/thorpe429.243272/","Belgian Dark Ale","3.5",3.8
"15452","https://www.beeradvocate.com/community/members/secondtooth.179213/","Belgian Dark Ale","4",3.8
"15453","https://www.beeradvocate.com/community/members/glid02.173319/","Belgian Dark Ale","3",3.8
"15454","https://www.beeradvocate.com/community/members/wisrarebeer.239007/","Belgian Dark Ale","4.25",3.8
"15455","https://www.beeradvocate.com/community/members/impending.437194/","Belgian Dark Ale","2",3.7
"15456","https://www.beeradvocate.com/community/members/joemcgrath27.463380/","Belgian Dark Ale","3.75",3.7
"15457","https://www.beeradvocate.com/community/members/wordemupg.297617/","Belgian Dark Ale","3.5",3.7
"15458","https://www.beeradvocate.com/community/members/biboergosum.168458/","Belgian Dark Ale","4.5",3.7
"15459","https://www.beeradvocate.com/community/members/thabobfather.221907/","Belgian Dark Ale","4.5",3.8
"15460","https://www.beeradvocate.com/community/members/brettster.191118/","Belgian Dark Ale","4",3.8
"15461","https://www.beeradvocate.com/community/members/biggred1.206640/","Belgian Dark Ale","4",3.8
"15462","https://www.beeradvocate.com/community/members/ksimons.53226/","Belgian Dark Ale","3",3.7
"15463","https://www.beeradvocate.com/community/members/liquidamber.300837/","Belgian Dark Ale","3.5",3.7
"15464","https://www.beeradvocate.com/community/members/curiousmonk.543325/","Belgian Dark Ale","4",3.7
"15465","https://www.beeradvocate.com/community/members/bruachan.7282/","Belgian Dark Ale","4.5",3.8
"15466","https://www.beeradvocate.com/community/members/ckeegan04.197048/","Belgian Dark Ale","3",3.8
"15467","https://www.beeradvocate.com/community/members/oxymoron.34489/","Belgian Dark Ale","4",3.8
"15468","https://www.beeradvocate.com/community/members/mrfrancis.489156/","Belgian Dark Ale","3.5",3.7
"15469","https://www.beeradvocate.com/community/members/wvbeergeek.775/","Belgian Dark Ale","2",3.7
"15470","https://www.beeradvocate.com/community/members/thecpj.486367/","Belgian Dark Ale","3.5",3.7
"15471","https://www.beeradvocate.com/community/members/tone77.332060/","Belgian Dark Ale","3.5",3.7
"15472","https://www.beeradvocate.com/community/members/mynie.6910/","Belgian Dark Ale","4",3.8
"15473","https://www.beeradvocate.com/community/members/taylorhamrick.226468/","Belgian Dark Ale","4",3.8
"15474","https://www.beeradvocate.com/community/members/bluejacket74.27421/","Belgian Dark Ale","4",3.8
"15475","https://www.beeradvocate.com/community/members/clearlydiluted.193916/","Belgian Dark Ale","2",3.7
"15476","https://www.beeradvocate.com/community/members/metter98.95017/","Belgian Dark Ale","3",3.7
"15477","https://www.beeradvocate.com/community/members/scootny.183318/","Belgian Dark Ale","3.5",3.7
"15478","https://www.beeradvocate.com/community/members/erz316.266699/","Belgian Dark Ale","3.5",3.8
"15479","https://www.beeradvocate.com/community/members/dpasotti.322967/","Belgian Dark Ale","2",3.8
"15480","https://www.beeradvocate.com/community/members/monkeyknife.115786/","Belgian Dark Ale","3.5",3.8
"15481","https://www.beeradvocate.com/community/members/jibbyvonjibb.289846/","Belgian Dark Ale","4",3.7
"15482","https://www.beeradvocate.com/community/members/dstc.105520/","Belgian Dark Ale","4",3.7
"15483","https://www.beeradvocate.com/community/members/splitgrin.2080/","Belgian Dark Ale","4",3.8
"15484","https://www.beeradvocate.com/community/members/seaoflament.88285/","Belgian Dark Ale","2.5",3.8
"15485","https://www.beeradvocate.com/community/members/tmoneyba.257254/","Belgian Dark Ale","3.5",3.8
"15486","https://www.beeradvocate.com/community/members/champ103.156510/","Belgian Dark Ale","3",3.7
"15487","https://www.beeradvocate.com/community/members/jdhilt.84/","Belgian Dark Ale","3.5",3.7
"15488","https://www.beeradvocate.com/community/members/jgasparine.173152/","Belgian Dark Ale","3.5",3.7
"15489","https://www.beeradvocate.com/community/members/roadhouse.170140/","Belgian Dark Ale","2",3.8
"15490","https://www.beeradvocate.com/community/members/sirsketch.219621/","Belgian Dark Ale","3.5",3.8
"15491","https://www.beeradvocate.com/community/members/halcyondays.145116/","Belgian Dark Ale","3.5",3.7
"15492","https://www.beeradvocate.com/community/members/theboozecruise.234141/","Belgian Dark Ale","3.5",3.7
